contributed,for_sale,images,in_collection,in_wantlist,lists,reviews,username
/contributions?user=teori,/seller/teori/profile,/user/teori/images,/user/teori/collection?header=1,/wantlist?user=teori,none,/user/teori/reviews?header=1,teori
none,none,none,none,/wantlist?user=bojosection,none,none,bojosection
none,none,none,/user/BlackOctober/collection?header=1,/wantlist?user=BlackOctober,none,/user/BlackOctober/reviews?header=1,BlackOctober
/contributions?user=bioann,none,/user/bioann/images,/user/bioann/collection?header=1,/wantlist?user=bioann,none,/user/bioann/reviews?header=1,bioann
none,/seller/bilchikh/profile,none,/user/bilchikh/collection?header=1,/wantlist?user=bilchikh,none,/user/bilchikh/reviews?header=1,bilchikh
none,none,none,/user/BEWILDER_RED/collection?header=1,none,none,none,BEWILDER_RED
none,none,none,/user/BenbenBassRaver/collection?header=1,/wantlist?user=BenbenBassRaver,none,none,BenbenBassRaver
/contributions?user=BeatStax_dot_com,none,/user/BeatStax_dot_com/images,/user/BeatStax_dot_com/collection?header=1,none,none,none,BeatStax_dot_com
/contributions?user=Bdun,none,/user/Bdun/images,/user/Bdun/collection?header=1,none,none,none,Bdun
none,none,/user/Batreleased/images,/user/Batreleased/collection?header=1,/wantlist?user=Batreleased,/user/Batreleased/lists?header=1,/user/Batreleased/reviews?header=1,Batreleased
/contributions?user=BatGuaneaux,none,/user/BatGuaneaux/images,none,none,none,none,BatGuaneaux
/contributions?user=bassandtreble,/seller/bassandtreble/profile,/user/bassandtreble/images,/user/bassandtreble/collection?header=1,none,/user/bassandtreble/lists?header=1,/user/bassandtreble/reviews?header=1,bassandtreble
none,none,none,/user/Barnabe/collection?header=1,none,none,/user/Barnabe/reviews?header=1,Barnabe
none,none,none,none,none,none,none,b174
none,none,none,/user/ayfalcon/collection?header=1,/wantlist?user=ayfalcon,none,none,ayfalcon
/contributions?user=Arny80Hexa,none,/user/Arny80Hexa/images,/user/Arny80Hexa/collection?header=1,/wantlist?user=Arny80Hexa,none,none,Arny80Hexa
/contributions?user=Daresme,none,/user/Daresme/images,/user/Daresme/collection?header=1,none,none,/user/Daresme/reviews?header=1,Daresme
none,none,none,none,none,none,/user/dardis/reviews?header=1,dardis
none,none,none,/user/czechkid/collection?header=1,none,none,/user/czechkid/reviews?header=1,czechkid
none,none,none,/user/cyoby/collection?header=1,none,none,none,cyoby
/contributions?user=cwest03,none,/user/cwest03/images,/user/cwest03/collection?header=1,/wantlist?user=cwest03,/user/cwest03/lists?header=1,none,cwest03
none,none,none,/user/cris212/collection?header=1,/wantlist?user=cris212,none,none,cris212
/contributions?user=creo318,none,/user/creo318/images,/user/creo318/collection?header=1,none,/user/creo318/lists?header=1,none,creo318
none,none,none,/user/cooksta72/collection?header=1,/wantlist?user=cooksta72,none,none,cooksta72
none,/seller/Conorgray/profile,none,none,none,none,none,Conorgray
/contributions?user=chris92w,none,/user/chris92w/images,/user/chris92w/collection?header=1,/wantlist?user=chris92w,/user/chris92w/lists?header=1,/user/chris92w/reviews?header=1,chris92w
none,none,none,none,/wantlist?user=CHEX,none,none,CHEX
none,none,none,none,none,none,none,chandlerfx
none,none,none,/user/cdiebel/collection?header=1,none,none,none,cdiebel
/contributions?user=Catflap_Records,none,/user/Catflap_Records/images,none,none,/user/Catflap_Records/lists?header=1,/user/Catflap_Records/reviews?header=1,Catflap_Records
none,none,none,/user/catc1121/collection?header=1,none,none,none,catc1121
none,none,none,/user/catalyst_ik/collection?header=1,/wantlist?user=catalyst_ik,none,none,catalyst_ik
/contributions?user=frozentransit,none,/user/frozentransit/images,/user/frozentransit/collection?header=1,/wantlist?user=frozentransit,/user/frozentransit/lists?header=1,/user/frozentransit/reviews?header=1,frozentransit
none,none,none,none,none,none,none,front10
none,none,none,none,/wantlist?user=FriedCircuit,none,none,FriedCircuit
/contributions?user=FreeRangeMedia,/seller/FreeRangeMedia/profile,/user/FreeRangeMedia/images,none,none,none,none,FreeRangeMedia
none,none,none,/user/FrediFan/collection?header=1,/wantlist?user=FrediFan,none,/user/FrediFan/reviews?header=1,FrediFan
none,none,none,/user/Flyz/collection?header=1,/wantlist?user=Flyz,none,none,Flyz
/contributions?user=Flev7,/seller/Flev7/profile,none,/user/Flev7/collection?header=1,/wantlist?user=Flev7,none,/user/Flev7/reviews?header=1,Flev7
none,none,none,/user/FireQueen/collection?header=1,none,none,/user/FireQueen/reviews?header=1,FireQueen
/contributions?user=Fideelski,/seller/Fideelski/profile,/user/Fideelski/images,/user/Fideelski/collection?header=1,/wantlist?user=Fideelski,none,none,Fideelski
none,none,none,/user/FernandSoares/collection?header=1,/wantlist?user=FernandSoares,none,none,FernandSoares
none,none,none,/user/fela-soul/collection?header=1,none,none,none,fela-soul
none,none,none,/user/fatdubs/collection?header=1,/wantlist?user=fatdubs,none,none,fatdubs
none,none,none,none,none,none,none,faqelektro
none,none,none,/user/fakeavi/collection?header=1,/wantlist?user=fakeavi,none,none,fakeavi
none,/seller/etamos/profile,none,none,none,none,none,etamos
none,none,none,/user/escafeld/collection?header=1,none,none,none,escafeld
none,none,none,none,none,none,none,knusperbanane
none,none,none,/user/knochender/collection?header=1,/wantlist?user=knochender,none,none,knochender
none,none,none,none,/wantlist?user=kenric,none,none,kenric
/contributions?user=katkvlts,none,/user/katkvlts/images,/user/katkvlts/collection?header=1,none,none,/user/katkvlts/reviews?header=1,katkvlts
none,none,none,none,/wantlist?user=karson.meckeler,none,none,karson.meckeler
/contributions?user=jweston,none,/user/jweston/images,none,/wantlist?user=jweston,none,none,jweston
none,none,none,/user/jonasmee01/collection?header=1,/wantlist?user=jonasmee01,none,/user/jonasmee01/reviews?header=1,jonasmee01
/contributions?user=Jonas-Lang,none,/user/Jonas-Lang/images,/user/Jonas-Lang/collection?header=1,none,none,none,Jonas-Lang
none,/seller/joaquino/profile,/user/joaquino/images,none,none,none,none,joaquino
none,none,none,/user/joaoalberto9009/collection?header=1,/wantlist?user=joaoalberto9009,none,/user/joaoalberto9009/reviews?header=1,joaoalberto9009
/contributions?user=jlsvinyl,/seller/jlsvinyl/profile,/user/jlsvinyl/images,/user/jlsvinyl/collection?header=1,/wantlist?user=jlsvinyl,none,none,jlsvinyl
/contributions?user=Jimboc,none,/user/Jimboc/images,none,none,none,/user/Jimboc/reviews?header=1,Jimboc
none,none,none,/user/jeremie0407/collection?header=1,/wantlist?user=jeremie0407,none,/user/jeremie0407/reviews?header=1,jeremie0407
none,none,none,none,/wantlist?user=jbarger,none,none,jbarger
/contributions?user=jannerasi,/seller/jannerasi/profile,/user/jannerasi/images,/user/jannerasi/collection?header=1,/wantlist?user=jannerasi,none,/user/jannerasi/reviews?header=1,jannerasi
none,none,none,none,/wantlist?user=jamesrobertstclair,none,none,jamesrobertstclair
/contributions?user=noizela,none,/user/noizela/images,/user/noizela/collection?header=1,none,none,none,noizela
none,none,none,none,none,none,/user/nmeredith/reviews?header=1,nmeredith
none,none,none,none,none,none,/user/ninoHuss/reviews?header=1,ninoHuss
none,none,none,/user/nickod/collection?header=1,/wantlist?user=nickod,none,none,nickod
/contributions?user=Neokoros,/seller/Neokoros/profile,/user/Neokoros/images,/user/Neokoros/collection?header=1,none,none,none,Neokoros
/contributions?user=naykin,/seller/naykin/profile,/user/naykin/images,none,none,none,none,naykin
none,none,none,/user/Nahrr/collection?header=1,/wantlist?user=Nahrr,none,none,Nahrr
none,none,none,/user/Nagendra.quality/collection?header=1,/wantlist?user=Nagendra.quality,/user/Nagendra.quality/lists?header=1,none,Nagendra.quality
none,none,none,/user/myhousebox/collection?header=1,/wantlist?user=myhousebox,none,/user/myhousebox/reviews?header=1,myhousebox
none,none,/user/muratalibaba/images,/user/muratalibaba/collection?header=1,/wantlist?user=muratalibaba,none,/user/muratalibaba/reviews?header=1,muratalibaba
none,none,none,/user/msvb/collection?header=1,none,none,/user/msvb/reviews?header=1,msvb
none,none,none,/user/mrumru/collection?header=1,/wantlist?user=mrumru,none,none,mrumru
none,none,none,none,none,none,none,Mr5lim
none,/seller/moog84/profile,none,none,none,none,none,moog84
none,none,none,none,/wantlist?user=montoyacesaro,none,none,montoyacesaro
none,none,none,none,none,none,none,moneyestore
none,none,none,/user/SammiSavl/collection?header=1,/wantlist?user=SammiSavl,none,none,SammiSavl
none,/seller/ryry_22/profile,none,none,none,none,/user/ryry_22/reviews?header=1,ryry_22
/contributions?user=rvkromeo,none,/user/rvkromeo/images,/user/rvkromeo/collection?header=1,none,none,/user/rvkromeo/reviews?header=1,rvkromeo
/contributions?user=Rugon,none,/user/Rugon/images,none,none,none,/user/Rugon/reviews?header=1,Rugon
none,none,none,/user/rthr/collection?header=1,/wantlist?user=rthr,none,/user/rthr/reviews?header=1,rthr
none,none,none,/user/ronnie123/collection?header=1,/wantlist?user=ronnie123,none,/user/ronnie123/reviews?header=1,ronnie123
none,none,none,none,none,none,/user/Ronan_Glasgow/reviews?header=1,Ronan_Glasgow
none,none,none,/user/romkaa/collection?header=1,/wantlist?user=romkaa,none,/user/romkaa/reviews?header=1,romkaa
none,none,none,/user/rockon3dw/collection?header=1,/wantlist?user=rockon3dw,none,none,rockon3dw
/contributions?user=RockinCrystal,none,/user/RockinCrystal/images,/user/RockinCrystal/collection?header=1,/wantlist?user=RockinCrystal,none,none,RockinCrystal
none,none,none,none,none,none,/user/robsol/reviews?header=1,robsol
none,none,none,/user/Roads303/collection?header=1,/wantlist?user=Roads303,none,/user/Roads303/reviews?header=1,Roads303
none,none,none,/user/rjoliver/collection?header=1,/wantlist?user=rjoliver,none,/user/rjoliver/reviews?header=1,rjoliver
none,none,/user/rick-oshea/images,none,none,none,none,rick-oshea
none,/seller/Rhyziel/profile,none,/user/Rhyziel/collection?header=1,/wantlist?user=Rhyziel,none,none,Rhyziel
/contributions?user=Rene_Benoit,none,none,/user/Rene_Benoit/collection?header=1,none,none,none,Rene_Benoit
/contributions?user=unwiredbrain,none,/user/unwiredbrain/images,/user/unwiredbrain/collection?header=1,/wantlist?user=unwiredbrain,none,none,unwiredbrain
none,none,none,/user/ungratitudes/collection?header=1,none,none,none,ungratitudes
none,/seller/Underl_ne/profile,none,/user/Underl_ne/collection?header=1,/wantlist?user=Underl_ne,none,/user/Underl_ne/reviews?header=1,Underl_ne
/contributions?user=ulanhe,none,/user/ulanhe/images,/user/ulanhe/collection?header=1,/wantlist?user=ulanhe,none,none,ulanhe
/contributions?user=twftt,none,/user/twftt/images,none,none,none,none,twftt
none,none,/user/Turbo303/images,/user/Turbo303/collection?header=1,/wantlist?user=Turbo303,none,none,Turbo303
/contributions?user=TuanBesar,/seller/TuanBesar/profile,/user/TuanBesar/images,none,none,/user/TuanBesar/lists?header=1,/user/TuanBesar/reviews?header=1,TuanBesar
/contributions?user=trylon,/seller/trylon/profile,/user/trylon/images,/user/trylon/collection?header=1,none,/user/trylon/lists?header=1,/user/trylon/reviews?header=1,trylon
/contributions?user=trouttt,/seller/trouttt/profile,none,none,none,none,/user/trouttt/reviews?header=1,trouttt
none,none,none,/user/transversewave/collection?header=1,none,/user/transversewave/lists?header=1,none,transversewave
none,none,none,/user/Toutadonf/collection?header=1,/wantlist?user=Toutadonf,none,none,Toutadonf
/contributions?user=tonii,none,/user/tonii/images,none,none,/user/tonii/lists?header=1,none,tonii
/contributions?user=tidelitom2,none,none,/user/tidelitom2/collection?header=1,/wantlist?user=tidelitom2,none,none,tidelitom2
none,none,none,/user/Thomasgt/collection?header=1,/wantlist?user=Thomasgt,none,none,Thomasgt
none,none,none,none,none,none,/user/TheRealEnzoo/reviews?header=1,TheRealEnzoo
none,none,none,none,/wantlist?user=themotorcyclegang,none,none,themotorcyclegang
none,none,none,none,none,none,/user/ziekevrucht/reviews?header=1,ziekevrucht
none,none,/user/zida/images,/user/zida/collection?header=1,none,none,none,zida
/contributions?user=yoann-navarro,none,/user/yoann-navarro/images,none,none,none,none,yoann-navarro
/contributions?user=yacbln,none,/user/yacbln/images,none,none,none,none,yacbln
/contributions?user=xpirux,/seller/xpirux/profile,/user/xpirux/images,none,none,/user/xpirux/lists?header=1,/user/xpirux/reviews?header=1,xpirux
none,none,none,none,none,none,/user/wowflutter/reviews?header=1,wowflutter
/contributions?user=wodnerduck,none,/user/wodnerduck/images,/user/wodnerduck/collection?header=1,/wantlist?user=wodnerduck,none,none,wodnerduck
none,none,none,/user/wladpol/collection?header=1,/wantlist?user=wladpol,none,none,wladpol
none,none,none,/user/willholliday1/collection?header=1,/wantlist?user=willholliday1,none,none,willholliday1
none,none,none,none,none,none,none,Wilhelm.Mulumba
none,none,/user/whatthefuture/images,/user/whatthefuture/collection?header=1,/wantlist?user=whatthefuture,none,none,whatthefuture
/contributions?user=weetabixedelik,none,/user/weetabixedelik/images,none,none,none,/user/weetabixedelik/reviews?header=1,weetabixedelik
none,none,none,/user/viraltunes/collection?header=1,/wantlist?user=viraltunes,none,none,viraltunes
/contributions?user=vinyllife,none,/user/vinyllife/images,none,none,none,none,vinyllife
/contributions?user=VinylCT,none,none,/user/VinylCT/collection?header=1,/wantlist?user=VinylCT,none,none,VinylCT
none,none,none,none,none,none,none,vbouchardet
none,none,none,/user/VazgenSolwork/collection?header=1,none,none,/user/VazgenSolwork/reviews?header=1,VazgenSolwork
none,none,none,/user/Vanilla-cookie/collection?header=1,/wantlist?user=Vanilla-cookie,none,none,Vanilla-cookie
/contributions?user=vagabundos,/seller/vagabundos/profile,/user/vagabundos/images,none,none,none,none,vagabundos
none,none,none,/user/the_junes/collection?header=1,/wantlist?user=the_junes,none,none,the_junes
none,none,none,/user/teotoba/collection?header=1,/wantlist?user=teotoba,none,none,teotoba
/contributions?user=tekki_tekk,none,/user/tekki_tekk/images,/user/tekki_tekk/collection?header=1,/wantlist?user=tekki_tekk,none,/user/tekki_tekk/reviews?header=1,tekki_tekk
none,none,none,/user/techno_driven/collection?header=1,/wantlist?user=techno_driven,none,none,techno_driven
/contributions?user=techniquebeats,none,/user/techniquebeats/images,/user/techniquebeats/collection?header=1,/wantlist?user=techniquebeats,none,/user/techniquebeats/reviews?header=1,techniquebeats
none,none,none,none,none,none,none,techcappy
none,none,none,/user/teayam/collection?header=1,/wantlist?user=teayam,none,none,teayam
none,none,none,none,none,none,none,tChamp
none,none,none,/user/tboquet/collection?header=1,/wantlist?user=tboquet,none,none,tboquet
none,none,none,/user/Taejin/collection?header=1,/wantlist?user=Taejin,none,none,Taejin
none,none,none,/user/tabbaz/collection?header=1,none,none,none,tabbaz
none,/seller/t_m_d/profile,/user/t_m_d/images,/user/t_m_d/collection?header=1,/wantlist?user=t_m_d,none,none,t_m_d
none,none,none,/user/synaptica/collection?header=1,/wantlist?user=synaptica,none,none,synaptica
/contributions?user=Subwayrider1981,/seller/Subwayrider1981/profile,/user/Subwayrider1981/images,/user/Subwayrider1981/collection?header=1,/wantlist?user=Subwayrider1981,none,/user/Subwayrider1981/reviews?header=1,Subwayrider1981
none,/seller/sub.shape/profile,none,none,/wantlist?user=sub.shape,none,none,sub.shape
/contributions?user=stevensnewest,none,/user/stevensnewest/images,none,none,none,/user/stevensnewest/reviews?header=1,stevensnewest
none,none,none,/user/stevelogik/collection?header=1,/wantlist?user=stevelogik,none,/user/stevelogik/reviews?header=1,stevelogik
/contributions?user=stereo88,none,/user/stereo88/images,none,none,none,/user/stereo88/reviews?header=1,stereo88
none,/seller/stereo_mike/profile,none,/user/stereo_mike/collection?header=1,/wantlist?user=stereo_mike,none,none,stereo_mike
none,none,none,/user/Starcraft/collection?header=1,none,none,none,Starcraft
none,none,none,none,/wantlist?user=ssaia689,none,none,ssaia689
/contributions?user=spaghetti-legs,/seller/spaghetti-legs/profile,/user/spaghetti-legs/images,/user/spaghetti-legs/collection?header=1,/wantlist?user=spaghetti-legs,none,/user/spaghetti-legs/reviews?header=1,spaghetti-legs
none,none,none,none,/wantlist?user=sorinroyce,none,none,sorinroyce
/contributions?user=solstingr,none,none,/user/solstingr/collection?header=1,/wantlist?user=solstingr,none,/user/solstingr/reviews?header=1,solstingr
/contributions?user=smam,none,/user/smam/images,none,/wantlist?user=smam,none,none,smam
/contributions?user=Skyy,none,/user/Skyy/images,none,none,none,none,Skyy
none,none,none,none,none,none,none,Silver-Shadow
/contributions?user=Shenaaz_,none,none,/user/Shenaaz_/collection?header=1,/wantlist?user=Shenaaz_,none,/user/Shenaaz_/reviews?header=1,Shenaaz_
none,none,none,/user/sheepahah/collection?header=1,/wantlist?user=sheepahah,none,none,sheepahah
none,/seller/Sevi_M11/profile,none,/user/Sevi_M11/collection?header=1,/wantlist?user=Sevi_M11,none,none,Sevi_M11
none,none,none,none,none,none,none,Seva.Gorbach
none,none,none,/user/sergej_faehrlich/collection?header=1,none,none,none,sergej_faehrlich
none,none,none,/user/Saver/collection?header=1,/wantlist?user=Saver,none,none,Saver
/contributions?user=SANCTION,/seller/SANCTION/profile,/user/SANCTION/images,/user/SANCTION/collection?header=1,none,none,/user/SANCTION/reviews?header=1,SANCTION
none,none,none,/user/remixer.g1/collection?header=1,/wantlist?user=remixer.g1,none,none,remixer.g1
none,none,none,none,none,none,none,redondos
none,none,none,none,none,none,none,recollect1
none,none,none,/user/razvansecu/collection?header=1,none,none,none,razvansecu
/contributions?user=radsasha,/seller/radsasha/profile,/user/radsasha/images,none,none,none,/user/radsasha/reviews?header=1,radsasha
/contributions?user=qubit,none,/user/qubit/images,/user/qubit/collection?header=1,/wantlist?user=qubit,none,none,qubit
none,none,none,none,/wantlist?user=quantegy,none,/user/quantegy/reviews?header=1,quantegy
none,none,none,/user/PsiloCyber/collection?header=1,none,none,none,PsiloCyber
/contributions?user=professorkmusic,none,/user/professorkmusic/images,/user/professorkmusic/collection?header=1,/wantlist?user=professorkmusic,none,/user/professorkmusic/reviews?header=1,professorkmusic
none,none,none,none,none,none,none,Prismo
none,none,none,/user/pingerella/collection?header=1,/wantlist?user=pingerella,/user/pingerella/lists?header=1,none,pingerella
none,none,none,/user/pimpmypixel/collection?header=1,none,/user/pimpmypixel/lists?header=1,none,pimpmypixel
none,none,none,none,none,none,none,phlgrb
none,none,none,/user/Pheron/collection?header=1,/wantlist?user=Pheron,none,none,Pheron
none,/seller/Perloone/profile,/user/Perloone/images,/user/Perloone/collection?header=1,/wantlist?user=Perloone,none,/user/Perloone/reviews?header=1,Perloone
/contributions?user=perlontaucher,none,/user/perlontaucher/images,none,none,none,/user/perlontaucher/reviews?header=1,perlontaucher
/contributions?user=perham,/seller/perham/profile,/user/perham/images,/user/perham/collection?header=1,/wantlist?user=perham,none,/user/perham/reviews?header=1,perham
none,none,none,/user/peculiar/collection?header=1,/wantlist?user=peculiar,none,none,peculiar
/contributions?user=pdog305,none,/user/pdog305/images,/user/pdog305/collection?header=1,/wantlist?user=pdog305,none,/user/pdog305/reviews?header=1,pdog305
/contributions?user=pawelkosk,none,/user/pawelkosk/images,/user/pawelkosk/collection?header=1,none,none,none,pawelkosk
none,none,none,/user/PasHou/collection?header=1,/wantlist?user=PasHou,none,none,PasHou
none,none,none,none,none,none,none,panNik808
none,none,none,/user/Pam_a/collection?header=1,/wantlist?user=Pam_a,none,none,Pam_a
/contributions?user=pablone28,/seller/pablone28/profile,/user/pablone28/images,none,/wantlist?user=pablone28,none,none,pablone28
/contributions?user=pablodiablo1,none,/user/pablodiablo1/images,none,/wantlist?user=pablodiablo1,none,/user/pablodiablo1/reviews?header=1,pablodiablo1
/contributions?user=ozkarmando.gtz.flore,none,/user/ozkarmando.gtz.flore/images,/user/ozkarmando.gtz.flore/collection?header=1,none,none,none,ozkarmando.gtz.flore
/contributions?user=ottologue,/seller/ottologue/profile,/user/ottologue/images,/user/ottologue/collection?header=1,/wantlist?user=ottologue,none,/user/ottologue/reviews?header=1,ottologue
none,none,none,/user/osianhooson/collection?header=1,/wantlist?user=osianhooson,none,none,osianhooson
/contributions?user=OSIAC,none,none,/user/OSIAC/collection?header=1,/wantlist?user=OSIAC,none,none,OSIAC
/contributions?user=oscpllex,none,/user/oscpllex/images,none,none,none,none,oscpllex
none,none,none,/user/OneFootStep/collection?header=1,/wantlist?user=OneFootStep,none,/user/OneFootStep/reviews?header=1,OneFootStep
/contributions?user=OLaman,none,/user/OLaman/images,/user/OLaman/collection?header=1,/wantlist?user=OLaman,/user/OLaman/lists?header=1,none,OLaman
/contributions?user=nullspace,none,/user/nullspace/images,/user/nullspace/collection?header=1,/wantlist?user=nullspace,none,/user/nullspace/reviews?header=1,nullspace
/contributions?user=NUC-LEUS,none,/user/NUC-LEUS/images,none,none,none,/user/NUC-LEUS/reviews?header=1,NUC-LEUS
/contributions?user=molly_mcmanjam,none,/user/molly_mcmanjam/images,/user/molly_mcmanjam/collection?header=1,/wantlist?user=molly_mcmanjam,none,/user/molly_mcmanjam/reviews?header=1,molly_mcmanjam
/contributions?user=moebius77,none,/user/moebius77/images,/user/moebius77/collection?header=1,/wantlist?user=moebius77,none,none,moebius77
/contributions?user=mnmllover,none,none,none,none,none,none,mnmllover
none,none,none,none,none,none,none,MININO_2
/contributions?user=Militant-Sounds,none,/user/Militant-Sounds/images,/user/Militant-Sounds/collection?header=1,/wantlist?user=Militant-Sounds,none,none,Militant-Sounds
none,/seller/mikeylad/profile,none,none,/wantlist?user=mikeylad,none,none,mikeylad
none,none,/user/midgel/images,/user/midgel/collection?header=1,none,none,/user/midgel/reviews?header=1,midgel
none,none,/user/metronomerecords/images,none,none,none,none,metronomerecords
/contributions?user=Mesme,none,/user/Mesme/images,/user/Mesme/collection?header=1,/wantlist?user=Mesme,none,/user/Mesme/reviews?header=1,Mesme
none,none,none,/user/Mdevil93/collection?header=1,/wantlist?user=Mdevil93,none,/user/Mdevil93/reviews?header=1,Mdevil93
none,/seller/mbirch15/profile,none,/user/mbirch15/collection?header=1,/wantlist?user=mbirch15,none,none,mbirch15
/contributions?user=matthew2308,none,/user/matthew2308/images,/user/matthew2308/collection?header=1,/wantlist?user=matthew2308,none,/user/matthew2308/reviews?header=1,matthew2308
none,/seller/MatinMalin/profile,none,/user/MatinMalin/collection?header=1,/wantlist?user=MatinMalin,none,/user/MatinMalin/reviews?header=1,MatinMalin
/contributions?user=Martin.Glowacz,none,/user/Martin.Glowacz/images,/user/Martin.Glowacz/collection?header=1,/wantlist?user=Martin.Glowacz,none,none,Martin.Glowacz
/contributions?user=malheure,none,/user/malheure/images,/user/malheure/collection?header=1,/wantlist?user=malheure,/user/malheure/lists?header=1,/user/malheure/reviews?header=1,malheure
none,none,none,none,/wantlist?user=Makis4,none,none,Makis4
/contributions?user=make_a_mends,none,none,none,/wantlist?user=make_a_mends,none,/user/make_a_mends/reviews?header=1,make_a_mends
none,/seller/macrou/profile,none,/user/macrou/collection?header=1,/wantlist?user=macrou,none,/user/macrou/reviews?header=1,macrou
none,none,none,/user/m3ll5/collection?header=1,none,none,none,m3ll5
none,/seller/m.e.1989/profile,/user/m.e.1989/images,/user/m.e.1989/collection?header=1,/wantlist?user=m.e.1989,none,/user/m.e.1989/reviews?header=1,m.e.1989
none,/seller/lowstimulus/profile,none,none,none,none,none,lowstimulus
/contributions?user=love-vinyl-records,/seller/love-vinyl-records/profile,/user/love-vinyl-records/images,/user/love-vinyl-records/collection?header=1,/wantlist?user=love-vinyl-records,none,/user/love-vinyl-records/reviews?header=1,love-vinyl-records
/contributions?user=losingyourshadow,none,/user/losingyourshadow/images,/user/losingyourshadow/collection?header=1,/wantlist?user=losingyourshadow,none,/user/losingyourshadow/reviews?header=1,losingyourshadow
none,none,none,/user/lomito_saltado/collection?header=1,/wantlist?user=lomito_saltado,none,none,lomito_saltado
none,/seller/loki_045/profile,none,none,none,none,none,loki_045
none,none,/user/liamghughes/images,/user/liamghughes/collection?header=1,/wantlist?user=liamghughes,none,none,liamghughes
/contributions?user=lezef,/seller/lezef/profile,/user/lezef/images,/user/lezef/collection?header=1,/wantlist?user=lezef,/user/lezef/lists?header=1,/user/lezef/reviews?header=1,lezef
none,none,none,none,/wantlist?user=LdnWax,none,/user/LdnWax/reviews?header=1,LdnWax
none,none,none,/user/lanc/collection?header=1,/wantlist?user=lanc,none,none,lanc
/contributions?user=Kugu_Elu,none,/user/Kugu_Elu/images,/user/Kugu_Elu/collection?header=1,/wantlist?user=Kugu_Elu,none,none,Kugu_Elu
/contributions?user=KrysaliSound,/seller/KrysaliSound/profile,/user/KrysaliSound/images,/user/KrysaliSound/collection?header=1,none,none,none,KrysaliSound
none,none,none,/user/krasiukov/collection?header=1,/wantlist?user=krasiukov,none,none,krasiukov
/contributions?user=Kosmo-Netlabel,none,/user/Kosmo-Netlabel/images,/user/Kosmo-Netlabel/collection?header=1,/wantlist?user=Kosmo-Netlabel,none,none,Kosmo-Netlabel
none,none,none,none,none,none,none,kohei_trzn
/contributions?user=jake_j,none,/user/jake_j/images,/user/jake_j/collection?header=1,/wantlist?user=jake_j,none,/user/jake_j/reviews?header=1,jake_j
none,none,none,/user/JahLoveAll/collection?header=1,/wantlist?user=JahLoveAll,none,none,JahLoveAll
none,none,none,none,none,none,none,ivnplcnnk
none,none,none,/user/ivikiwi611/collection?header=1,/wantlist?user=ivikiwi611,none,none,ivikiwi611
none,none,none,/user/itsossian/collection?header=1,/wantlist?user=itsossian,none,none,itsossian
/contributions?user=indoor,none,/user/indoor/images,/user/indoor/collection?header=1,none,none,none,indoor
none,none,none,none,none,none,none,individu_primitif
none,none,none,none,none,none,none,iheartnoise
none,none,none,/user/Ibrahimok/collection?header=1,/wantlist?user=Ibrahimok,none,/user/Ibrahimok/reviews?header=1,Ibrahimok
/contributions?user=ibbjamin,none,/user/ibbjamin/images,/user/ibbjamin/collection?header=1,/wantlist?user=ibbjamin,/user/ibbjamin/lists?header=1,/user/ibbjamin/reviews?header=1,ibbjamin
/contributions?user=Hyperspace,none,none,/user/Hyperspace/collection?header=1,none,none,none,Hyperspace
/contributions?user=Howtobefreaky,none,/user/Howtobefreaky/images,/user/Howtobefreaky/collection?header=1,none,none,none,Howtobefreaky
/contributions?user=howardish,none,/user/howardish/images,none,none,none,/user/howardish/reviews?header=1,howardish
none,none,none,/user/hotbagels/collection?header=1,/wantlist?user=hotbagels,none,none,hotbagels
none,none,none,none,none,none,/user/horseboat/reviews?header=1,horseboat
/contributions?user=honeywall53,/seller/honeywall53/profile,/user/honeywall53/images,/user/honeywall53/collection?header=1,/wantlist?user=honeywall53,none,/user/honeywall53/reviews?header=1,honeywall53
none,none,none,/user/Hnefatafl/collection?header=1,/wantlist?user=Hnefatafl,none,none,Hnefatafl
/contributions?user=Hesskhe,/seller/Hesskhe/profile,/user/Hesskhe/images,/user/Hesskhe/collection?header=1,/wantlist?user=Hesskhe,none,/user/Hesskhe/reviews?header=1,Hesskhe
none,none,none,/user/hdsr/collection?header=1,/wantlist?user=hdsr,none,none,hdsr
none,none,none,none,none,none,none,harshbrowns
/contributions?user=HarlemPinheiro,none,/user/HarlemPinheiro/images,/user/HarlemPinheiro/collection?header=1,/wantlist?user=HarlemPinheiro,none,none,HarlemPinheiro
/contributions?user=h2o,none,none,none,none,none,/user/h2o/reviews?header=1,h2o
/contributions?user=gunger30,none,/user/gunger30/images,/user/gunger30/collection?header=1,/wantlist?user=gunger30,/user/gunger30/lists?header=1,/user/gunger30/reviews?header=1,gunger30
/contributions?user=grzegorz130,none,none,/user/grzegorz130/collection?header=1,/wantlist?user=grzegorz130,none,none,grzegorz130
/contributions?user=GruveRecords,/seller/GruveRecords/profile,/user/GruveRecords/images,/user/GruveRecords/collection?header=1,/wantlist?user=GruveRecords,none,/user/GruveRecords/reviews?header=1,GruveRecords
none,none,none,/user/grouchomarc/collection?header=1,/wantlist?user=grouchomarc,/user/grouchomarc/lists?header=1,none,grouchomarc
/contributions?user=groovesource,none,/user/groovesource/images,/user/groovesource/collection?header=1,none,none,/user/groovesource/reviews?header=1,groovesource
/contributions?user=grey_shadow,none,/user/grey_shadow/images,none,none,none,/user/grey_shadow/reviews?header=1,grey_shadow
none,none,none,/user/gmellison/collection?header=1,/wantlist?user=gmellison,none,none,gmellison
none,none,none,/user/georg.franke/collection?header=1,/wantlist?user=georg.franke,none,none,georg.franke
/contributions?user=gattis,none,/user/gattis/images,/user/gattis/collection?header=1,/wantlist?user=gattis,none,none,gattis
none,none,none,none,none,none,/user/GarbageHead/reviews?header=1,GarbageHead
none,none,none,none,none,none,none,galaxylifestyle
none,none,none,/user/G_A_S/collection?header=1,none,none,none,G_A_S
none,none,none,/user/ericagostinelli/collection?header=1,/wantlist?user=ericagostinelli,none,none,ericagostinelli
/contributions?user=emulsion,none,/user/emulsion/images,/user/emulsion/collection?header=1,/wantlist?user=emulsion,/user/emulsion/lists?header=1,/user/emulsion/reviews?header=1,emulsion
none,none,none,/user/elliotjonesuk/collection?header=1,/wantlist?user=elliotjonesuk,none,none,elliotjonesuk
none,none,none,/user/eco-tot/collection?header=1,/wantlist?user=eco-tot,none,none,eco-tot
none,none,none,/user/Dugtreeoh/collection?header=1,/wantlist?user=Dugtreeoh,none,none,Dugtreeoh
/contributions?user=dubbill,none,/user/dubbill/images,none,none,none,none,dubbill
/contributions?user=dub,none,/user/dub/images,none,none,none,none,dub
none,none,/user/drksvlr/images,/user/drksvlr/collection?header=1,/wantlist?user=drksvlr,none,none,drksvlr
none,none,none,/user/Douglas_Kirk/collection?header=1,/wantlist?user=Douglas_Kirk,none,none,Douglas_Kirk
/contributions?user=doctor_hibbert,/seller/doctor_hibbert/profile,/user/doctor_hibbert/images,/user/doctor_hibbert/collection?header=1,/wantlist?user=doctor_hibbert,none,/user/doctor_hibbert/reviews?header=1,doctor_hibbert
none,none,none,/user/docdeano/collection?header=1,/wantlist?user=docdeano,none,/user/docdeano/reviews?header=1,docdeano
none,none,none,none,none,none,/user/djulz72/reviews?header=1,djulz72
none,none,none,none,none,none,none,djsareunpopular
/contributions?user=djphenomenology,/seller/djphenomenology/profile,/user/djphenomenology/images,none,none,none,/user/djphenomenology/reviews?header=1,djphenomenology
none,none,none,none,none,none,none,DJPAULOLEITE
/contributions?user=DjHendrik,none,/user/DjHendrik/images,/user/DjHendrik/collection?header=1,none,none,/user/DjHendrik/reviews?header=1,DjHendrik
/contributions?user=djdidierbeltran,none,/user/djdidierbeltran/images,none,none,none,none,djdidierbeltran
/contributions?user=djCan,none,/user/djCan/images,none,none,none,/user/djCan/reviews?header=1,djCan
none,none,/user/djbundi/images,/user/djbundi/collection?header=1,none,/user/djbundi/lists?header=1,/user/djbundi/reviews?header=1,djbundi
none,none,none,/user/djb_STAR/collection?header=1,none,none,none,djb_STAR
none,none,none,none,none,none,none,DJ.MR.LUCKY
none,none,none,none,none,none,none,Dj_Nobu
none,none,none,none,none,none,none,dj_cross
none,none,/user/Dixi_Zoo/images,/user/Dixi_Zoo/collection?header=1,/wantlist?user=Dixi_Zoo,none,/user/Dixi_Zoo/reviews?header=1,Dixi_Zoo
/contributions?user=Discozilla,/seller/Discozilla/profile,/user/Discozilla/images,/user/Discozilla/collection?header=1,/wantlist?user=Discozilla,/user/Discozilla/lists?header=1,/user/Discozilla/reviews?header=1,Discozilla
/contributions?user=dimomib,none,/user/dimomib/images,/user/dimomib/collection?header=1,none,none,none,dimomib
/contributions?user=DILWeed,none,/user/DILWeed/images,/user/DILWeed/collection?header=1,/wantlist?user=DILWeed,none,/user/DILWeed/reviews?header=1,DILWeed
none,/seller/dh294/profile,none,none,none,none,/user/dh294/reviews?header=1,dh294
none,none,none,none,none,none,none,DerekMatula
/contributions?user=demas,none,/user/demas/images,/user/demas/collection?header=1,/wantlist?user=demas,none,none,demas
none,none,none,none,none,none,none,deepfr
/contributions?user=DeadRedQueenRecords,/seller/DeadRedQueenRecords/profile,/user/DeadRedQueenRecords/images,/user/DeadRedQueenRecords/collection?header=1,/wantlist?user=DeadRedQueenRecords,none,/user/DeadRedQueenRecords/reviews?header=1,DeadRedQueenRecords
/contributions?user=davep91,/seller/davep91/profile,/user/davep91/images,/user/davep91/collection?header=1,/wantlist?user=davep91,none,/user/davep91/reviews?header=1,davep91
none,none,none,/user/dashnoise/collection?header=1,/wantlist?user=dashnoise,none,none,dashnoise
/contributions?user=candeniztug,none,/user/candeniztug/images,/user/candeniztug/collection?header=1,/wantlist?user=candeniztug,none,/user/candeniztug/reviews?header=1,candeniztug
none,none,none,none,none,none,/user/calkush/reviews?header=1,calkush
/contributions?user=Bushk,/seller/Bushk/profile,/user/Bushk/images,none,none,none,none,Bushk
none,none,/user/bshollow/images,/user/bshollow/collection?header=1,/wantlist?user=bshollow,none,none,bshollow
none,none,none,/user/BryonS7/collection?header=1,none,none,none,BryonS7
none,none,none,none,none,none,none,bravemiao
none,none,none,/user/bonjar/collection?header=1,/wantlist?user=bonjar,none,none,bonjar
none,none,none,/user/Anormalanimal/collection?header=1,/wantlist?user=Anormalanimal,/user/Anormalanimal/lists?header=1,none,Anormalanimal
none,/seller/amirju/profile,none,none,none,none,/user/amirju/reviews?header=1,amirju
/contributions?user=alexcosta,none,none,/user/alexcosta/collection?header=1,/wantlist?user=alexcosta,none,none,alexcosta
none,none,none,/user/aira-aquino/collection?header=1,/wantlist?user=aira-aquino,none,none,aira-aquino
none,none,none,/user/ahmedsamy/collection?header=1,/wantlist?user=ahmedsamy,/user/ahmedsamy/lists?header=1,/user/ahmedsamy/reviews?header=1,ahmedsamy
none,none,none,none,none,none,none,ahhjoeb
/contributions?user=adam01,/seller/adam01/profile,/user/adam01/images,none,/wantlist?user=adam01,/user/adam01/lists?header=1,/user/adam01/reviews?header=1,adam01
none,none,none,/user/accettamusic/collection?header=1,/wantlist?user=accettamusic,none,none,accettamusic
none,none,none,/user/abrahamdrimmer/collection?header=1,/wantlist?user=abrahamdrimmer,none,none,abrahamdrimmer
/contributions?user=8markgiam1,none,/user/8markgiam1/images,/user/8markgiam1/collection?header=1,/wantlist?user=8markgiam1,none,/user/8markgiam1/reviews?header=1,8markgiam1
none,none,none,none,none,none,none,35percentcabbage
none,none,none,none,none,none,none,_l_e_k_a
